50.000000,-0.018708,37.293763,14.376378,16.569250,0.000000,0.000000,0.000000,0.000000,0.000000,0.000000,0.000000,0.000000,0.000000,0.000000,0.000000,0.000000,0.000000,0.000000,0.000000,0.000000,0.000000,0.000000,0.000000,0.000000,0.000000,0.000000,0.000000,0.000000,0.000000,0.000000,0.000000,0.000000,0.000000,0.000000,0.000000,0.000000,0.000000,0.000000,0.000000,0.000000,0.000000,0.000000,0.000000,0.000000,0.000000,0.000000,0.000000,0.000000,0.000000
0.136751,0.157390,0.178006,0.198589,0.219129,0.239619,0.260047,0.280405,0.300684,0.320875,0.340968,0.360954,0.380825,0.400571,0.420184,0.439656,0.458977,0.478139,0.497134,0.515954,0.534590,0.553035,0.571281,0.589321,0.607146,0.624749,0.642124,0.659264,0.676160,0.692808,0.709200,0.725330,0.741193,0.756781,0.772090,0.787114,0.801848,0.816286,0.830424,0.844257,0.857781,0.870990,0.883883,0.896453,0.908699,0.920616,0.932201,0.943452,0.954366,0.964939
0.136184,0.156821,0.177435,0.198016,0.218555,0.239043,0.259470,0.279827,0.300104,0.320294,0.340385,0.360371,0.380240,0.399986,0.419598,0.439069,0.458389,0.477551,0.496546,0.515365,0.534001,0.552446,0.570692,0.588731,0.606556,0.624160,0.641535,0.658675,0.675572,0.692220,0.708613,0.724743,0.740606,0.756196,0.771506,0.786531,0.801265,0.815705,0.829844,0.843678,0.857203,0.870414,0.883308,0.895880,0.908127,0.920046,0.931634,0.942886,0.953802,0.964378
0.135617,0.156252,0.176864,0.197443,0.217981,0.238467,0.258892,0.279248,0.299524,0.319712,0.339803,0.359787,0.379656,0.399400,0.419012,0.438482,0.457801,0.476962,0.495956,0.514775,0.533411,0.551856,0.570102,0.588141,0.605966,0.623570,0.640945,0.658085,0.674982,0.691631,0.708024,0.724156,0.740019,0.755609,0.770920,0.785946,0.800682,0.815122,0.829263,0.843098,0.856624,0.869837,0.882732,0.895306,0.907555,0.919476,0.931065,0.942319,0.953237,0.963815
0.135049,0.155682,0.176292,0.196870,0.217406,0.237890,0.258314,0.278668,0.298943,0.319130,0.339220,0.359203,0.379070,0.398814,0.418425,0.437894,0.457213,0.476373,0.495367,0.514185,0.532821,0.551265,0.569511,0.587550,0.605375,0.622979,0.640354,0.657494,0.674392,0.691041,0.707435,0.723567,0.739432,0.755022,0.770334,0.785361,0.800097,0.814539,0.828681,0.842517,0.856045,0.869259,0.882156,0.894731,0.906982,0.918904,0.930495,0.941752,0.952671,0.963251
0.134481,0.155112,0.175721,0.196297,0.216831,0.237314,0.257736,0.278089,0.298363,0.318548,0.338636,0.358618,0.378485,0.398228,0.417837,0.437306,0.456624,0.475784,0.494777,0.513595,0.532230,0.550674,0.568919,0.586958,0.604783,0.622387,0.639763,0.656903,0.673802,0.690451,0.706845,0.722978,0.738843,0.754434,0.769747,0.784775,0.799512,0.813955,0.828098,0.841936,0.855465,0.868680,0.881578,0.894155,0.906408,0.918332,0.929924,0.941183,0.952104,0.962686
0.133913,0.154543,0.175149,0.195723,0.216256,0.236737,0.257158,0.277509,0.297781,0.317965,0.338052,0.358033,0.377899,0.397641,0.417249,0.436717,0.456035,0.475194,0.494186,0.513004,0.531638,0.550082,0.568327,0.586366,0.604191,0.621795,0.639171,0.656312,0.673210,0.689860,0.706255,0.722388,0.738253,0.753846,0.769159,0.784188,0.798926,0.813370,0.827514,0.841353,0.854883,0.868100,0.881000,0.893579,0.905832,0.917758,0.929353,0.940613,0.951536,0.962120
0.133345,0.153973,0.174577,0.195149,0.215680,0.236160,0.256579,0.276929,0.297200,0.317383,0.337468,0.357448,0.377312,0.397053,0.416661,0.436128,0.455445,0.474603,0.493595,0.512412,0.531046,0.549490,0.567735,0.585774,0.603599,0.621203,0.638578,0.655719,0.672618,0.689268,0.705663,0.721797,0.737663,0.753256,0.768570,0.783600,0.798339,0.812784,0.826929,0.840770,0.854301,0.867520,0.880421,0.893001,0.905256,0.917184,0.928780,0.940042,0.950968,0.961554
0.132777,0.153402,0.174005,0.194576,0.215104,0.235582,0.256000,0.276348,0.296618,0.316799,0.336884,0.356862,0.376726,0.396465,0.416072,0.435538,0.454854,0.474012,0.493003,0.511820,0.530454,0.548897,0.567142,0.585180,0.603005,0.620609,0.637985,0.655126,0.672025,0.688676,0.705071,0.721205,0.737072,0.752666,0.767981,0.783011,0.797752,0.812198,0.826344,0.840185,0.853718,0.866938,0.879841,0.892422,0.904679,0.916608,0.928206,0.939470,0.950398,0.960986
0.132208,0.152832,0.173433,0.194001,0.214529,0.235005,0.255421,0.275768,0.296036,0.316216,0.336299,0.356276,0.376138,0.395877,0.415483,0.434948,0.454263,0.473421,0.492411,0.511227,0.529861,0.548303,0.566548,0.584586,0.602411,0.620015,0.637391,0.654532,0.671431,0.688082,0.704478,0.720613,0.736481,0.752075,0.767391,0.782422,0.797163,0.811610,0.825757,0.839600,0.853134,0.866355,0.879259,0.891843,0.904101,0.916032,0.927632,0.938898,0.949827,0.960417
0.131640,0.152261,0.172860,0.193427,0.213952,0.234427,0.254841,0.275186,0.295453,0.315632,0.335714,0.355690,0.375551,0.395288,0.414893,0.434358,0.453672,0.472828,0.491819,0.510634,0.529267,0.547709,0.565953,0.583992,0.601816,0.619420,0.636796,0.653938,0.670837,0.687488,0.703885,0.720020,0.735888,0.751483,0.766799,0.781831,0.796574,0.811022,0.825170,0.839014,0.852549,0.865772,0.878677,0.891262,0.903522,0.915455,0.927056,0.938324,0.949255,0.959847
0.131071,0.151691,0.172287,0.192852,0.213376,0.233849,0.254262,0.274605,0.294870,0.315047,0.335128,0.355103,0.374963,0.394699,0.414303,0.433767,0.453080,0.472236,0.491225,0.510040,0.528673,0.547115,0.565358,0.583396,0.601221,0.618825,0.636201,0.653342,0.670242,0.686894,0.703290,0.719426,0.735295,0.750890,0.766207,0.781240,0.795984,0.810433,0.824582,0.838427,0.851964,0.865187,0.878094,0.890681,0.902942,0.914877,0.926480,0.937749,0.948682,0.959276
0.130502,0.151120,0.171714,0.192277,0.212799,0.233270,0.253681,0.274023,0.294287,0.314463,0.334542,0.354515,0.374374,0.394110,0.413713,0.433175,0.452488,0.471643,0.490632,0.509446,0.528078,0.546519,0.564763,0.582801,0.600625,0.618229,0.635605,0.652746,0.669646,0.686298,0.702695,0.718831,0.734701,0.750297,0.765615,0.780648,0.795393,0.809843,0.823993,0.837839,0.851377,0.864602,0.877510,0.890098,0.902362,0.914297,0.925902,0.937174,0.948108,0.958704
0.129933,0.150548,0.171141,0.191702,0.212222,0.232692,0.253101,0.273441,0.293703,0.313878,0.333956,0.353928,0.373785,0.393520,0.413122,0.432583,0.451895,0.471049,0.490037,0.508851,0.527482,0.545924,0.564167,0.582204,0.600028,0.617632,0.635008,0.652150,0.669050,0.685702,0.702099,0.718236,0.734106,0.749703,0.765021,0.780056,0.794801,0.809252,0.823403,0.837251,0.850790,0.864016,0.876926,0.889515,0.901780,0.913717,0.925324,0.936597,0.947534,0.958131
0.129364,0.149977,0.170568,0.191127,0.211645,0.232113,0.252520,0.272859,0.293120,0.313292,0.333369,0.353340,0.373196,0.392929,0.412530,0.431991,0.451302,0.470455,0.489442,0.508256,0.526886,0.545327,0.563570,0.581607,0.599431,0.617035,0.634411,0.651553,0.668453,0.685105,0.701503,0.717640,0.733510,0.749108,0.764427,0.779462,0.794208,0.808660,0.822812,0.836661,0.850201,0.863429,0.876340,0.888930,0.901197,0.913136,0.924744,0.936019,0.946958,0.957558
0.128795,0.149406,0.169995,0.190552,0.211068,0.231534,0.251940,0.272277,0.292535,0.312707,0.332782,0.352751,0.372607,0.392339,0.411939,0.431398,0.450708,0.469861,0.488847,0.507660,0.526290,0.544730,0.562973,0.581009,0.598833,0.616437,0.633813,0.650955,0.667855,0.684508,0.700906,0.717043,0.732914,0.748512,0.763832,0.778868,0.793615,0.808067,0.822221,0.836071,0.849612,0.862841,0.875753,0.888345,0.900613,0.912554,0.924164,0.935441,0.946381,0.956983
0.128225,0.148834,0.169421,0.189976,0.210490,0.230954,0.251358,0.271694,0.291951,0.312121,0.332194,0.352163,0.372017,0.391747,0.411346,0.430805,0.450114,0.469266,0.488251,0.507063,0.525693,0.544133,0.562375,0.580411,0.598235,0.615838,0.633214,0.650356,0.667257,0.683909,0.700308,0.716446,0.732317,0.747916,0.763236,0.778273,0.793020,0.807474,0.821628,0.835479,0.849022,0.862252,0.875166,0.887759,0.900029,0.911971,0.923583,0.934861,0.945803,0.956407
0.127656,0.148262,0.168847,0.189400,0.209912,0.230374,0.250777,0.271111,0.291366,0.311535,0.331607,0.351574,0.371426,0.391156,0.410754,0.430211,0.449519,0.468670,0.487655,0.506466,0.525095,0.543535,0.561776,0.579812,0.597636,0.615239,0.632615,0.649757,0.666657,0.683310,0.699709,0.715847,0.731719,0.747318,0.762639,0.777677,0.792425,0.806880,0.821035,0.834887,0.848431,0.861662,0.874577,0.887172,0.899443,0.911387,0.923000,0.934281,0.945225,0.955830
0.127086,0.147691,0.168273,0.188824,0.209334,0.229795,0.250195,0.270527,0.290781,0.310948,0.331019,0.350984,0.370835,0.390564,0.410160,0.429617,0.448924,0.468074,0.487058,0.505869,0.524497,0.542936,0.561177,0.579213,0.597036,0.614639,0.632015,0.649157,0.666057,0.682711,0.699110,0.715248,0.731120,0.746720,0.762042,0.777080,0.791829,0.806285,0.820441,0.834294,0.847839,0.861072,0.873988,0.886584,0.898857,0.910802,0.922417,0.933699,0.944645,0.955252
0.126516,0.147118,0.167699,0.188248,0.208756,0.229214,0.249613,0.269943,0.290196,0.310361,0.330430,0.350394,0.370244,0.389971,0.409567,0.429022,0.448328,0.467477,0.486461,0.505271,0.523898,0.542337,0.560577,0.578613,0.596436,0.614038,0.631414,0.648556,0.665457,0.682110,0.698509,0.714648,0.730521,0.746121,0.761444,0.776482,0.791232,0.805689,0.819846,0.833700,0.847246,0.860480,0.873398,0.885995,0.898269,0.910216,0.921833,0.933117,0.944064,0.954674
0.125946,0.146546,0.167124,0.187671,0.208178,0.228634,0.249031,0.269359,0.289610,0.309774,0.329841,0.349804,0.369653,0.389379,0.408973,0.428427,0.447732,0.466880,0.485863,0.504672,0.523299,0.541737,0.559977,0.578012,0.595835,0.613437,0.630813,0.647955,0.664856,0.681509,0.697908,0.714048,0.729921,0.745522,0.760844,0.775884,0.790635,0.805092,0.819250,0.833105,0.846653,0.859888,0.872807,0.885406,0.897681,0.909629,0.921248,0.932533,0.943483,0.954094
0.125376,0.145974,0.166550,0.187095,0.207599,0.228053,0.248449,0.268775,0.289024,0.309186,0.329252,0.349213,0.369061,0.388785,0.408378,0.427831,0.447136,0.466283,0.485265,0.504073,0.522699,0.541136,0.559376,0.577411,0.595233,0.612836,0.630211,0.647353,0.664254,0.680907,0.697307,0.713446,0.729320,0.744921,0.760245,0.775285,0.790036,0.804494,0.818654,0.832510,0.846058,0.859294,0.872214,0.884815,0.897092,0.909042,0.920662,0.931949,0.942900,0.953513
0.124806,0.145401,0.165975,0.186518,0.207020,0.227473,0.247866,0.268191,0.288438,0.308598,0.328663,0.348623,0.368468,0.388192,0.407784,0.427235,0.446539,0.465685,0.484666,0.503473,0.522099,0.540536,0.558775,0.576809,0.594631,0.612233,0.629608,0.646750,0.663651,0.680305,0.696705,0.712844,0.728718,0.744320,0.759644,0.774685,0.789437,0.803896,0.818056,0.831913,0.845463,0.858700,0.871622,0.884223,0.896502,0.908453,0.920075,0.931363,0.942316,0.952931
0.124235,0.144829,0.165400,0.185941,0.206441,0.226891,0.247283,0.267606,0.287851,0.308010,0.328073,0.348031,0.367876,0.387598,0.407188,0.426639,0.445941,0.465086,0.484067,0.502873,0.521498,0.539934,0.558173,0.576206,0.594028,0.611630,0.629005,0.646147,0.663048,0.679701,0.696101,0.712242,0.728116,0.743718,0.759043,0.774084,0.788837,0.803297,0.817458,0.831316,0.844866,0.858105,0.871028,0.883631,0.895910,0.907863,0.919487,0.930777,0.941732,0.952348
0.123665,0.144256,0.164825,0.185364,0.205862,0.226310,0.246700,0.267021,0.287264,0.307422,0.327483,0.347440,0.367283,0.387003,0.406593,0.426042,0.445343,0.464488,0.483467,0.502272,0.520897,0.539332,0.557570,0.575603,0.593425,0.611026,0.628401,0.645543,0.662444,0.679097,0.695498,0.711638,0.727513,0.743115,0.758440,0.773483,0.788236,0.802697,0.816859,0.830718,0.844269,0.857509,0.870433,0.883037,0.895318,0.907273,0.918898,0.930190,0.941146,0.951765
0.123094,0.143683,0.164250,0.184786,0.205282,0.225729,0.246116,0.266435,0.286677,0.306833,0.326892,0.346848,0.366689,0.386408,0.405997,0.425445,0.444745,0.463888,0.482866,0.501671,0.520295,0.538729,0.556967,0.575000,0.592821,0.610422,0.627797,0.644938,0.661839,0.678493,0.694893,0.711034,0.726909,0.742512,0.757837,0.772880,0.787635,0.802096,0.816259,0.830119,0.843671,0.856912,0.869837,0.882443,0.894726,0.906682,0.918308,0.929601,0.940560,0.951180
0.122523,0.143110,0.163675,0.184209,0.204703,0.225147,0.245532,0.265850,0.286090,0.306244,0.326302,0.346255,0.366095,0.385813,0.405400,0.424847,0.444146,0.463288,0.482266,0.501070,0.519693,0.538126,0.556363,0.574396,0.592216,0.609817,0.627192,0.644333,0.661234,0.677888,0.694288,0.710429,0.726304,0.741908,0.757234,0.772277,0.787032,0.801494,0.815658,0.829519,0.843072,0.856314,0.869241,0.881848,0.894132,0.906089,0.917717,0.929012,0.939972,0.950594
0.121953,0.142536,0.163099,0.183631,0.204123,0.224565,0.244948,0.265264,0.285502,0.305654,0.325711,0.345663,0.365501,0.385218,0.404803,0.424249,0.443547,0.462688,0.481664,0.500467,0.519090,0.537523,0.555759,0.573791,0.591611,0.609211,0.626586,0.643727,0.660628,0.677281,0.693682,0.709823,0.725699,0.741303,0.756629,0.771673,0.786429,0.800892,0.815056,0.828918,0.842473,0.855716,0.868643,0.881252,0.893537,0.905496,0.917125,0.928422,0.939384,0.950008
0.121382,0.141963,0.162523,0.183053,0.203542,0.223983,0.244364,0.264678,0.284914,0.305064,0.325119,0.345069,0.364907,0.384622,0.404206,0.423650,0.442947,0.462087,0.481062,0.499865,0.518486,0.536918,0.555154,0.573185,0.591005,0.608605,0.625979,0.643120,0.660021,0.676675,0.693076,0.709217,0.725093,0.740697,0.756024,0.771068,0.785825,0.800288,0.814454,0.828316,0.841872,0.855116,0.868045,0.880655,0.892941,0.904902,0.916533,0.927831,0.938794,0.949420
0.120810,0.141390,0.161947,0.182475,0.202962,0.223400,0.243780,0.264091,0.284326,0.304474,0.324527,0.344476,0.364312,0.384025,0.403608,0.423051,0.442347,0.461486,0.480460,0.499262,0.517882,0.536314,0.554549,0.572579,0.590398,0.607998,0.625372,0.642513,0.659413,0.676067,0.692468,0.708610,0.724486,0.740090,0.755418,0.770463,0.785220,0.799684,0.813850,0.827714,0.841271,0.854516,0.867446,0.880057,0.892345,0.904306,0.915939,0.927239,0.938204,0.948832
0.120239,0.140816,0.161371,0.181896,0.202382,0.222817,0.243195,0.263505,0.283737,0.303884,0.323935,0.343882,0.363716,0.383429,0.403010,0.422452,0.441746,0.460884,0.479857,0.498658,0.517277,0.535708,0.553943,0.571973,0.589791,0.607391,0.624765,0.641905,0.658805,0.675459,0.691860,0.708002,0.723878,0.739483,0.754811,0.769857,0.784614,0.799079,0.813246,0.827111,0.840668,0.853915,0.866846,0.879458,0.891747,0.903710,0.915344,0.926646,0.937613,0.948242
0.119668,0.140242,0.160795,0.181318,0.201801,0.222235,0.242610,0.262918,0.283148,0.303293,0.323343,0.343288,0.363121,0.382831,0.402411,0.421852,0.441145,0.460282,0.479254,0.498054,0.516672,0.535102,0.553336,0.571366,0.589184,0.606783,0.624156,0.641296,0.658197,0.674851,0.691252,0.707393,0.723270,0.738875,0.754204,0.769250,0.784008,0.798473,0.812641,0.826507,0.840065,0.853313,0.866245,0.878858,0.891149,0.903113,0.914749,0.926052,0.937021,0.947652
0.119096,0.139668,0.160219,0.180739,0.201220,0.221651,0.242025,0.262330,0.282559,0.302702,0.322750,0.342694,0.362525,0.382234,0.401812,0.421252,0.440544,0.459679,0.478650,0.497449,0.516067,0.534496,0.552729,0.570758,0.588576,0.606174,0.623547,0.640687,0.657587,0.674241,0.690642,0.706784,0.722661,0.738266,0.753595,0.768642,0.783401,0.797867,0.812035,0.825902,0.839461,0.852710,0.865643,0.878257,0.890549,0.902515,0.914152,0.925457,0.936427,0.947060
0.118525,0.139094,0.159642,0.180160,0.200639,0.221068,0.241439,0.261743,0.281970,0.302111,0.322157,0.342099,0.361928,0.381636,0.401213,0.420651,0.439942,0.459076,0.478046,0.496844,0.515461,0.533889,0.552121,0.570150,0.587967,0.605565,0.622938,0.640077,0.656977,0.673631,0.690032,0.706174,0.722051,0.737657,0.752986,0.768033,0.782792,0.797259,0.811429,0.825296,0.838856,0.852106,0.865040,0.877656,0.889949,0.901917,0.913555,0.924862,0.935833,0.946468
0.117953,0.138520,0.159066,0.179581,0.200057,0.220485,0.240854,0.261155,0.281380,0.301519,0.321563,0.341504,0.361332,0.381038,0.400613,0.420050,0.439339,0.458472,0.477441,0.496238,0.514854,0.533282,0.551513,0.569541,0.587357,0.604955,0.622327,0.639467,0.656367,0.673020,0.689421,0.705563,0.721440,0.737047,0.752376,0.767424,0.782184,0.796651,0.810821,0.824689,0.838251,0.851501,0.864437,0.877054,0.889348,0.901317,0.912957,0.924265,0.935238,0.945874
0.117381,0.137945,0.158489,0.179002,0.199476,0.219901,0.240268,0.260567,0.280790,0.300927,0.320970,0.340908,0.360734,0.380439,0.400013,0.419448,0.438736,0.457868,0.476836,0.495632,0.514247,0.532674,0.550904,0.568931,0.586747,0.604345,0.621716,0.638856,0.655755,0.672409,0.688810,0.704952,0.720829,0.736436,0.751766,0.766813,0.781574,0.796042,0.810213,0.824082,0.837644,0.850896,0.863832,0.876450,0.888746,0.900716,0.912358,0.923667,0.934642,0.945280
0.116809,0.137371,0.157912,0.178423,0.198894,0.219317,0.239681,0.259979,0.280200,0.300335,0.320376,0.340313,0.360137,0.379840,0.399413,0.418847,0.438133,0.457264,0.476231,0.495025,0.513639,0.532065,0.550295,0.568321,0.586137,0.603734,0.621105,0.638244,0.655143,0.671797,0.688198,0.704340,0.720217,0.735824,0.751154,0.766202,0.780964,0.795432,0.809604,0.823473,0.837037,0.850289,0.863227,0.875846,0.888143,0.900115,0.911757,0.923068,0.934045,0.944685
0.116237,0.136796,0.157335,0.177843,0.198312,0.218733,0.239095,0.259390,0.279609,0.299743,0.319781,0.339717,0.359539,0.379240,0.398812,0.418244,0.437529,0.456659,0.475624,0.494418,0.513031,0.531456,0.549685,0.567711,0.585526,0.603122,0.620493,0.637631,0.654530,0.671184,0.687585,0.703727,0.719605,0.735211,0.750542,0.765591,0.780352,0.794822,0.808994,0.822864,0.836428,0.849682,0.862621,0.875241,0.887539,0.899512,0.911156,0.922469,0.933447,0.944088
0.115665,0.136222,0.156757,0.177263,0.197730,0.218148,0.238509,0.258802,0.279018,0.299150,0.319187,0.339120,0.358941,0.378641,0.398210,0.417641,0.436925,0.456053,0.475018,0.493810,0.512422,0.530846,0.549075,0.567100,0.584914,0.602510,0.619880,0.637018,0.653917,0.670570,0.686971,0.703113,0.718991,0.734598,0.749929,0.764978,0.779740,0.794210,0.808383,0.822254,0.835819,0.849074,0.862014,0.874635,0.886935,0.898909,0.910554,0.921868,0.932848,0.943491
0.115093,0.135647,0.156180,0.176684,0.197148,0.217564,0.237922,0.258213,0.278427,0.298557,0.318592,0.338523,0.358342,0.378041,0.397609,0.417038,0.436321,0.455448,0.474411,0.493202,0.511813,0.530236,0.548464,0.566488,0.584301,0.601897,0.619267,0.636404,0.653303,0.669956,0.686357,0.702499,0.718377,0.733984,0.749315,0.764365,0.779128,0.793598,0.807772,0.821644,0.835209,0.848465,0.861406,0.874028,0.886329,0.898305,0.909952,0.921267,0.932248,0.942893
0.114521,0.135072,0.155603,0.176104,0.196565,0.216979,0.237335,0.257623,0.277836,0.297963,0.317997,0.337926,0.357744,0.377440,0.397006,0.416435,0.435716,0.454841,0.473803,0.492593,0.511203,0.529626,0.547852,0.565876,0.583689,0.601283,0.618653,0.635790,0.652688,0.669341,0.685742,0.701884,0.717762,0.733370,0.748701,0.763751,0.778514,0.792985,0.807159,0.821032,0.834599,0.847855,0.860797,0.873421,0.885723,0.897699,0.909348,0.920665,0.931648,0.942294
0.113948,0.134497,0.155025,0.175523,0.195983,0.216394,0.236747,0.257034,0.277244,0.297370,0.317401,0.337329,0.357144,0.376839,0.396404,0.415831,0.435110,0.454235,0.473195,0.491984,0.510593,0.529015,0.547240,0.565263,0.583075,0.600669,0.618038,0.635175,0.652073,0.668726,0.685126,0.701269,0.717147,0.732754,0.748086,0.763136,0.777900,0.792371,0.806546,0.820420,0.833987,0.847244,0.860187,0.872812,0.885115,0.897093,0.908743,0.920062,0.931046,0.941694
0.113376,0.133922,0.154447,0.174943,0.195400,0.215809,0.236160,0.256444,0.276653,0.296776,0.316805,0.336731,0.356545,0.376238,0.395801,0.415226,0.434504,0.453627,0.472587,0.491375,0.509983,0.528403,0.546628,0.564650,0.582461,0.600054,0.617423,0.634560,0.651457,0.668110,0.684510,0.700652,0.716530,0.732138,0.747470,0.762521,0.777285,0.791757,0.805932,0.819806,0.833375,0.846633,0.859577,0.872203,0.884507,0.896486,0.908137,0.919457,0.930443,0.941093
0.112803,0.133346,0.153869,0.174362,0.194817,0.215223,0.235572,0.255854,0.276061,0.296182,0.316209,0.336133,0.355945,0.375636,0.395198,0.414621,0.433898,0.453020,0.471978,0.490764,0.509371,0.527791,0.546015,0.564036,0.581846,0.599439,0.616807,0.633943,0.650841,0.667493,0.683893,0.700035,0.715913,0.731521,0.746853,0.761904,0.776669,0.791141,0.805317,0.819192,0.832761,0.846020,0.858965,0.871592,0.883898,0.895878,0.907531,0.918852,0.929840,0.940491
0.112231,0.132771,0.153291,0.173782,0.194234,0.214638,0.234984,0.255264,0.275468,0.295587,0.315612,0.335535,0.355345,0.375034,0.394594,0.414016,0.433291,0.452412,0.471368,0.490154,0.508760,0.527178,0.545401,0.563421,0.581231,0.598823,0.616191,0.633326,0.650223,0.666875,0.683275,0.699417,0.715296,0.730904,0.746236,0.761287,0.776052,0.790525,0.804702,0.818577,0.832147,0.845407,0.858353,0.870981,0.883288,0.895270,0.906923,0.918246,0.929235,0.939888
0.111658,0.132195,0.152713,0.173201,0.193650,0.214052,0.234396,0.254674,0.274875,0.294993,0.315016,0.334936,0.354744,0.374432,0.393990,0.413411,0.432684,0.451803,0.470759,0.489543,0.508147,0.526565,0.544787,0.562806,0.580615,0.598207,0.615574,0.632709,0.649606,0.666257,0.682657,0.698799,0.714677,0.730285,0.745618,0.760669,0.775435,0.789908,0.804086,0.817962,0.831532,0.844793,0.857740,0.870369,0.882677,0.894660,0.906315,0.917639,0.928630,0.939284
0.111085,0.131620,0.152134,0.172620,0.193067,0.213466,0.233808,0.254083,0.274283,0.294397,0.314419,0.334337,0.354143,0.373829,0.393386,0.412804,0.432077,0.451194,0.470148,0.488931,0.507535,0.525951,0.544172,0.562191,0.579999,0.597590,0.614956,0.632091,0.648987,0.665638,0.682038,0.698180,0.714058,0.729666,0.744999,0.760051,0.774816,0.789291,0.803468,0.817345,0.830917,0.844178,0.857126,0.869756,0.882065,0.894049,0.905706,0.917032,0.928024,0.938680
0.110512,0.131044,0.151556,0.172039,0.192483,0.212880,0.233219,0.253492,0.273689,0.293802,0.313821,0.333737,0.353542,0.373226,0.392781,0.412198,0.431469,0.450585,0.469538,0.488319,0.506922,0.525337,0.543557,0.561574,0.579382,0.596972,0.614338,0.631472,0.648368,0.665019,0.681418,0.697560,0.713438,0.729047,0.744380,0.759432,0.774197,0.788672,0.802850,0.816728,0.830300,0.843562,0.856511,0.869142,0.881452,0.893438,0.905096,0.916423,0.927416,0.938074
0.109939,0.130468,0.150977,0.171458,0.191899,0.212293,0.232630,0.252901,0.273096,0.293207,0.313224,0.333138,0.352940,0.372623,0.392176,0.411591,0.430860,0.449975,0.468926,0.487707,0.506308,0.524722,0.542941,0.560958,0.578765,0.596354,0.613719,0.630853,0.647748,0.664399,0.680798,0.696940,0.712818,0.728426,0.743759,0.758812,0.773578,0.788053,0.802232,0.816110,0.829683,0.842946,0.855896,0.868528,0.880839,0.892826,0.904485,0.915813,0.926808,0.937467
0.109366,0.129892,0.150399,0.170876,0.191315,0.211707,0.232041,0.252310,0.272502,0.292611,0.312626,0.332538,0.352338,0.372019,0.391570,0.410984,0.430252,0.449365,0.468315,0.487094,0.505694,0.524107,0.542325,0.560341,0.578147,0.595735,0.613100,0.630233,0.647128,0.663778,0.680177,0.696319,0.712196,0.727805,0.743138,0.758191,0.772957,0.787433,0.801612,0.815491,0.829064,0.842328,0.855279,0.867912,0.880225,0.892212,0.903873,0.915203,0.926199,0.936860
0.108793,0.129316,0.149820,0.170295,0.190731,0.211120,0.231452,0.251718,0.271909,0.292015,0.312027,0.331937,0.351736,0.371415,0.390964,0.410377,0.429643,0.448754,0.467703,0.486480,0.505079,0.523491,0.541708,0.559723,0.577528,0.595116,0.612480,0.629612,0.646507,0.663157,0.679555,0.695697,0.711575,0.727183,0.742516,0.757569,0.772336,0.786812,0.800992,0.814871,0.828445,0.841710,0.854662,0.867296,0.879609,0.891598,0.903260,0.914591,0.925589,0.936251
